use insurence;
-- create table person(driver_id varchar(20),name varchar(20),address varchar(20),primary key(driver_personid));
-- create table car(liscence varchar(20),model varchar(20),year int,primary key(liscence));
-- create table accident (report_no int,date int,location varchar(20),primary key(report_no));
-- create table owns(driver_id varchar(20),liscence varchar(20),primary key(driver_id,liscence));
-- create table participated(report_no int,liscence varchar(20),driver_id varchar(20),damage_amount int,primary key(report_no,liscence));
-- drop table owns;
-- drop table participated;
-- create table owns(driver_id varchar(20),liscence varchar(20));
-- alter table owns add constraint foreign key (driver_id) references person(driver_id);
-- alter table owns add constraint foreign key (liscence) references car(liscence);
-- create table participated (report_no int,liscence  varchar(20));
-- drop table participated;
-- create table participated (report_no int,liscence  varchar(20),driver_id varchar(20),damage_amount int);
-- alter table participated add constraint foreign key (report_no) references accident(report_no);
-- alter table participated add constraint foreign key (liscence) references car(liscence);
-- desc owns;
-- desc participated;
-- alter table car rename to vehicle;
-- ALTER TABLE accident CHANGE report_no report_number INT(11) NOT NULL;
-- add  column person varchar(20)
-- DROP COLUMN `location`
-- alter table participated modify column damage_amount float;
-- alter table accident modify date varchar(30);
-- insert into `accident` (`report_number`,`date`) values (122,'2011 dec 3');
-- delete from accident where `report_number`=121;
-- select * from accident;
-- insert into `accident` (`report_number`,`date`) values (123,'2013 mar 3');
-- insert into `owns` (`driver_id`,`liscence`) values ('122tt56','KL1820196754');
-- insert into `person` (`driver_id`,`name`,`address`,`gender`) values ('122kl122','kajal','aiswarya','female');
-- insert into `person` (`driver_id`,`name`,`address`,`gender`) values ('342kl342','sarika','vrindavan','female');
-- select * from person;
-- insert into `vehicle` (`liscence`,`model`,`year`) values ('KL1820196754','i20',2018);
-- insert into `vehicle` (`liscence`,`model`,`year`) values ('KL1820203456','verna',2020);
-- select * from vehicle;
-- insert into `owns` (`driver_id`,`liscence`) values ('122kl122','KL1820196754');
-- insert into `owns` (`driver_id`,`liscence`) values ('342kl342','KL1820203456');
-- select * from owns;
-- insert into `participated` (`report_no`,`liscence`,`driver_id`,`damage_amount`) values (123,'KL1820196754','23kl23',200.9);
-- insert into `participated` (`report_no`,`liscence`,`driver_id`,`damage_amount`) values (122,'KL1820203456','89kl89',100.66);
-- select * from participated;
-- insert into `owns` (`driver_id`,`liscence`) values ('122kl127','KL1820196754');
-- delete from participated where `report_no`=122;
-- delete from participated where `report_no`=123;
-- desc person;
-- select * from person where name like "A%";
-- select * from participated where damage_amount>10000;
-- alter table accident drop date;
-- alter table accident add column date date;
-- select * from accident where date between '2021-01-01' and '2023-12-31'; 
select vehicle.liscence, model,year,name,address from vehicle,person,owns where owns.driver_id=person.driver_id and owns.liscence=vehicle.liscence;